The Secret Healer,£34.56
"The Sandman, Vol. 1: Preludes and Nocturnes (The Sandman (volumes) #1)",£54.12
The Republic,£33.78
The Odyssey,£29.64
The No. 1 Ladies' Detective Agency (No. 1 Ladies' Detective Agency #1),£57.70
The Nicomachean Ethics,£36.34
The Name of the Wind (The Kingkiller Chronicle #1),£50.59
The Mirror & the Maze (The Wrath and the Dawn #1.5),£29.38
The Little Prince,£45.42
The Light of the Fireflies,£54.43
The Last Girl (The Dominion Trilogy #1),£36.26
The Iliad,£16.16
The Hook Up (Game On #1),£36.29
The Haters,£27.89
The Girl You Lost,£12.29
The Girl In The Ice (DCI Erika Foster #1),£15.85
The End of the Jesus Era (An Investigation #1),£14.40
The Edge of Reason (Bridget Jones #2),£19.18
The Complete Maus (Maus #1-2),£10.64
The Communist Manifesto,£14.76
The Bhagavad Gita,£57.49
The Bette Davis Club,£30.66
The Art of Not Breathing,£40.83
Taking Shots (Assassins #1),£18.88
Starlark,£25.83
"Skip Beat!, Vol. 01 (Skip Beat! #1)",£42.12
Sister Sable (The Mad Queen #1),£13.33
Shatter Me (Shatter Me #1),£42.40
Shameless,£58.35
Shadow Rites (Jane Yellowrock #10),£21.72
Settling the Score (The Summer Games #1),£44.91
Sense and Sensibility,£37.46
"Saga, Volume 1 (Saga (Collected Editions) #1)",£28.48
"Rhythm, Chord & Malykhin",£28.34
"Rat Queens, Vol. 1: Sass & Sorcery (Rat Queens (Collected Editions) #1-5)",£46.96
Paradise Lost (Paradise #1),£24.96
"Paper Girls, Vol. 1 (Paper Girls #1-5)",£21.71
"Ouran High School Host Club, Vol. 1 (Ouran High School Host Club #1)",£29.87
Origins (Alphas 0.5),£28.99
One Second (Seven #7),£52.94
On the Road (Duluoz Legend),£32.36
Old Records Never Die: One Man's Quest for His Vinyl and His Past,£55.66
Off Sides (Off #1),£39.45
Of Mice and Men,£47.11
Myriad (Prentor #1),£58.75
My Perfect Mistake (Over the Top #1),£38.92
"Ms. Marvel, Vol. 1: No Normal (Ms. Marvel (2014-2015) #1)",£39.39
Meditations,£25.89
Matilda,£28.34
Lost Among the Living,£27.70
Lord of the Flies,£24.89
Listen to Me (Fusion #1),£58.99
Kitchens of the Great Midwest,£57.20
Jane Eyre,£38.43
Imperfect Harmony,£34.74
Icing (Aces Hockey #2),£40.44
"Hawkeye, Vol. 1: My Life as a Weapon (Hawkeye #1)",£45.24
Having the Barbarian's Baby (Ice Planet Barbarians #7.5),£34.96
"Giant Days, Vol. 1 (Giant Days #1-4)",£56.76
"Fruits Basket, Vol. 1 (Fruits Basket #1)",£40.28
Frankenstein,£38.00
Forever Rockers (The Rocker #12),£28.80
Fighting Fate (Fighting #6),£39.24
Emma,£32.93
"Eat, Pray, Love",£51.32
Deep Under (Walker Security #1),£47.09
Choosing Our Religion: The Spiritual Lives of America's Nones,£28.42
Charlie and the Chocolate Factory (Charlie Bucket #1),£22.85
Charity's Cross (Charles Towne Belles #4),£41.24
Bright Lines,£39.07
Bridget Jones's Diary (Bridget Jones #1),£29.82
Bounty (Colorado Mountain #7),£37.26
Blood Defense (Samantha Brinkman #1),£20.30
"Bleach, Vol. 1: Strawberry and the Soul Reapers (Bleach #1)",£34.65
Beyond Good and Evil,£43.38
Alice in Wonderland (Alice's Adventures in Wonderland #1),£55.53
"Ajin: Demi-Human, Volume 1 (Ajin: Demi-Human #1)",£57.06
A Spy's Devotion (The Regency Spies of London #1),£16.97
1st to Die (Women's Murder Club #1),£53.98
"1,000 Places to See Before You Die",£26.08
